Module,Topic,Title,URL,SourceRef
6,Induction,Math 314 - 4A - Induction (Senger),https://m.youtube.com/watch?v=XY2AbdvhEvc,turn0search0
6,Induction,Math 314 - 4B - Induction (Senger),https://m.youtube.com/watch?v=oUH87dyx4hs,turn0search4
7,Counting,Math 314 - 5A - Basic Counting (Senger),https://m.youtube.com/watch?v=CFKJmZsZcXc,turn0search9
7,Counting,Math 314 - 5B - Basic Counting (Senger),https://www.youtube.com/watch?v=dh6chRue5e0,turn0search5
7,Counting,Math 314 - 5C - Basic Counting (Senger),https://www.youtube.com/watch?v=1ZUA6_vZo5Q,turn0search13
7,Counting,Math 314 - 5D - Basic Counting (Senger),https://www.youtube.com/watch?v=_ohIzMEcpsQ,turn0search1
7,Counting,Math 314 - 5E - Basic Counting (Senger),https://www.youtube.com/watch?v=GI9CNzeRzFE,turn0search17
7,Counting (overview),Counting | Chapter-8 | Discrete Mathematics (Neso),https://www.youtube.com/watch?v=lXmRlWy2r2U,turn0search2
8,Probability (hub),Neso Academy – Discrete Mathematics (probability section within),https://nesoacademy.org/cs/07-discrete-mathematics,turn0search28
9,Transitive Closure,Warshall's Algorithm (Neso),https://www.youtube.com/watch?v=_-p8zhizock,turn0search3
9,Hasse Diagrams,Hasse Diagram (Neso),https://www.youtube.com/watch?v=uz3OdZqwkJM,turn0search21
10,Graphs & Trees (hub),Neso Academy – Discrete Mathematics (graph theory section within),https://www.youtube.com/playlist?list=PLBlnK6fEyqRhqJPDXcvYlLfXPh37L89g3,turn0search6
*,Instructor Channel,Steven Senger – YouTube channel,https://www.youtube.com/@stevensenger5063,turn0search22
*,Instructor Playlist,Steven Senger – Math 314 playlist,https://www.youtube.com/playlist?list=PLGyjcDxtL5-V22kscErqJQ1t1JYW0g26g,turn0search8
